Top pages,Impressions
https://www.designbees.com.au/post/graphic-design-costs-in-australia-your-pricing-guide,4156
https://www.designbees.com.au/,1772
https://www.designbees.com.au/one-off-packages/logo-and-branding-package,1166
https://www.designbees.com.au/post/graphic-design-services-in-australia,266
https://www.designbees.com.au/post/graphic-design-packages-for-small-business,242
https://www.designbees.com.au/post/the-rise-of-design-subscription-services-a-game-changer-for-businesses,154
https://www.designbees.com.au/post/top-7-design-subscriptions-for-creative-teams-2026,134
https://www.designbees.com.au/post/logo-and-branding-design,92
https://www.designbees.com.au/design-solutions/graphic-design,82
https://www.designbees.com.au/post/are-unlimited-graphic-design-services-truly-limitless-what-you-need-to-know,71
http://www.designbees.com.au/,48
https://www.designbees.com.au/post/graphic-design-agency-in-australia,48
https://www.designbees.com.au/post/canva-vs-monthly-graphic-design-packages,31
https://www.designbees.com.au/pricing-cards,31
https://www.designbees.com.au/about,29
https://www.designbees.com.au/faq-free-trial-overview/what-happens-at-the-end-of-a-free-trial?,27
https://www.designbees.com.au/one-off-jobs-packages,25
https://www.designbees.com.au/post/cannot-afford-a-full-time-designer-here-are-your-options,25
https://www.designbees.com.au/design-solutions/motion-graphics,24
https://www.designbees.com.au/design-solutions/graphic-design-sydney,19
https://www.designbees.com.au/10-day-free-trial,18
https://www.designbees.com.au/logging-a-job/how-do-i-use-filestage-to-review-a-job?,18
https://www.designbees.com.au/reviews,17
https://www.designbees.com.au/one-off-packages,15
https://www.designbees.com.au/post/a-guide-to-scaling-creative-graphic-design-options-available-to-australian-businesses,13
"https://www.designbees.com.au/case-studies/how-design-bees-rescued-xv-premium’s-marketing-team-with-fast,-dynamic-presentations",11
https://www.designbees.com.au/design-solutions/graphic-design-adelaide,11
https://www.designbees.com.au/design-solutions/graphic-design-perth,11
https://www.designbees.com.au/scale-up-businesses,10
https://www.designbees.com.au/how-it-works,9
https://www.designbees.com.au/post/graphic-design-services-in-sydney,8
https://www.designbees.com.au/privacy-policy,8
https://designbees.com.au/,6
https://www.designbees.com.au/design-solutions,6
https://www.designbees.com.au/design-solutions/graphic-design-brisbane,6
https://www.designbees.com.au/design-solutions/graphic-design-melbourne,6
https://www.designbees.com.au/faq-filestage-overview/how-do-i-turn-off-email-updates-from-filestage?,6
https://www.designbees.com.au/small-marketing-teams,6
https://www.designbees.com.au/our-work,5
https://www.designbees.com.au/designbees-for-entrepreneurs,4
https://www.designbees.com.au/faqs,4
https://www.designbees.com.au/it-services-professional-services,4
https://www.designbees.com.au/one-off-packages/logo-package,4
https://www.designbees.com.au/terms-of-service,4
https://www.designbees.com.au/one-off-packages/brand-guidelines,3
https://www.designbees.com.au/plan-inclusions,3
https://www.designbees.com.au/post/top-5-must-know-graphic-design-trends-for-small-and-medium-businesses-in-2025,3
https://www.designbees.com.au/case-studies-collection,2
https://www.designbees.com.au/demo,2
https://www.designbees.com.au/design-solutions/presentations,2
https://www.designbees.com.au/post/design-subscription-services-from-an-australian-perspective,2
https://www.designbees.com.au/blog,1
https://www.designbees.com.au/case-studies/arcadier-boosts-marketing-with-enhanced-b2b-design-capacity,1
https://www.designbees.com.au/case-studies/leki-electric-motorcycles-powers-up-its-brand-with-design-bees,1
https://www.designbees.com.au/case-studies/supporting-pappa-flock's-expansion-with-a-designer-on-demand!,1
https://www.designbees.com.au/client-times/real-ict,1
https://www.designbees.com.au/guides,1
https://www.designbees.com.au/post/freelancer-vs-monthly-design-plan,1
https://www.designbees.com.au/post/why-australian-startups-choose-subscription-design-services,1
https://www.designbees.com.au/videofolio,1