Top pages,Clicks,Impressions,CTR,Position
https://www.designbees.com.au/post/graphic-design-costs-in-australia-your-pricing-guide,328,16119,2.03%,8.15
https://www.designbees.com.au/,312,17797,1.75%,14.79
https://www.designbees.com.au/one-off-packages/logo-and-branding-package,113,14048,0.8%,14.82
http://www.designbees.com.au/,57,10608,0.54%,5.39
https://www.designbees.com.au/about,22,855,2.57%,4.75
https://www.designbees.com.au/pricing-cards,18,673,2.67%,7.12
https://www.designbees.com.au/post/graphic-design-packages-for-small-business,11,1750,0.63%,13.12
https://www.designbees.com.au/post/logo-and-branding-design,9,1214,0.74%,14.99
https://www.designbees.com.au/one-off-jobs-packages,8,606,1.32%,5.56
https://www.designbees.com.au/post/top-7-design-subscriptions-for-creative-teams-2026,6,745,0.81%,24.03
https://www.designbees.com.au/design-solutions/graphic-design-sydney,5,373,1.34%,30.82
https://www.designbees.com.au/reviews,5,226,2.21%,9.35
https://www.designbees.com.au/one-off-packages,5,170,2.94%,21.61
"https://www.designbees.com.au/case-studies/how-design-bees-rescued-xv-premium’s-marketing-team-with-fast,-dynamic-presentations",5,58,8.62%,19.17
https://www.designbees.com.au/design-solutions/motion-graphics,3,855,0.35%,27.58
https://www.designbees.com.au/post/graphic-design-services-in-australia,3,549,0.55%,15.96
https://www.designbees.com.au/post/canva-vs-monthly-graphic-design-packages,3,378,0.79%,9.89
https://www.designbees.com.au/case-studies/supporting-pappa-flock's-expansion-with-a-designer-on-demand!,3,289,1.04%,7.3
https://www.designbees.com.au/design-solutions/graphic-design,2,772,0.26%,34.02
https://www.designbees.com.au/our-work,2,649,0.31%,11.22
https://www.designbees.com.au/post/graphic-design-agency-in-australia,2,234,0.85%,13.23
https://www.designbees.com.au/small-marketing-teams,2,89,2.25%,34.81
https://www.designbees.com.au/one-off-packages/logo-package,2,46,4.35%,31
https://www.designbees.com.au/faqs,2,36,5.56%,10.22
https://www.designbees.com.au/design-solutions/graphic-design-perth,1,666,0.15%,34.64
https://www.designbees.com.au/post/the-rise-of-design-subscription-services-a-game-changer-for-businesses,1,662,0.15%,28.14
https://www.designbees.com.au/post/are-unlimited-graphic-design-services-truly-limitless-what-you-need-to-know,1,448,0.22%,48.29
https://www.designbees.com.au/demo,1,446,0.22%,11.26
https://www.designbees.com.au/design-solutions/graphic-design-adelaide,1,413,0.24%,30.51
https://www.designbees.com.au/how-it-works,1,225,0.44%,25.94
https://www.designbees.com.au/blog,1,221,0.45%,8.35
https://www.designbees.com.au/10-day-free-trial,1,209,0.48%,14.45
https://www.designbees.com.au/post/cannot-afford-a-full-time-designer-here-are-your-options,1,132,0.76%,9.33
https://www.designbees.com.au/case-studies/leki-electric-motorcycles-powers-up-its-brand-with-design-bees,1,102,0.98%,11.42
https://www.designbees.com.au/case-studies-collection,1,72,1.39%,8.31
https://www.designbees.com.au/post/a-guide-to-scaling-creative-graphic-design-options-available-to-australian-businesses,1,56,1.79%,7.68
https://www.designbees.com.au/case-studies/arcadier-boosts-marketing-with-enhanced-b2b-design-capacity,1,41,2.44%,12.24
https://www.designbees.com.au/case-studies/a-class-powder-overhauls-sales-&-marketing-for-the-commercial-segment,1,30,3.33%,11.17
https://www.designbees.com.au/post/why-australian-startups-choose-subscription-design-services,1,19,5.26%,14.68
https://www.designbees.com.au/logging-a-job/how-do-i-log-a-job,1,4,25%,5.75
https://www.designbees.com.au/scale-up-businesses,0,256,0%,6.62
https://www.designbees.com.au/post/graphic-design-services-in-sydney,0,204,0%,18.34
https://www.designbees.com.au/design-solutions/graphic-design-melbourne,0,204,0%,38.36
https://www.designbees.com.au/terms-of-service,0,199,0%,11.71
https://www.designbees.com.au/design-solutions,0,177,0%,28.76
https://www.designbees.com.au/logging-a-job/how-do-i-use-filestage-to-review-a-job?,0,170,0%,9.85
https://www.designbees.com.au/design-solutions/graphic-design-brisbane,0,157,0%,34.72
https://www.designbees.com.au/designbees-for-entrepreneurs,0,133,0%,13.23
https://www.designbees.com.au/it-services-professional-services,0,124,0%,6.07
https://www.designbees.com.au/new-design,0,111,0%,1.74
https://www.designbees.com.au/design-solutions/presentations,0,106,0%,15.9
https://www.designbees.com.au/faq-free-trial-overview/what-happens-at-the-end-of-a-free-trial?,0,87,0%,5.52
https://www.designbees.com.au/post/streamline-creativity-with-unlimited-graphic-design,0,67,0%,60.64
https://www.designbees.com.au/privacy-policy,0,56,0%,41.21
https://www.designbees.com.au/plan-inclusions,0,40,0%,48.6
https://www.designbees.com.au/videofolio,0,38,0%,11.47
https://www.designbees.com.au/general-frequently-asked-questions,0,37,0%,17.78
https://www.designbees.com.au/post/why-a-monthly-graphic-design-subscription-is-the-smartest-choice-for-small-businesses,0,31,0%,11.32
https://www.designbees.com.au/guides,0,24,0%,5.83
https://www.designbees.com.au/post/design-subscription-services-from-an-australian-perspective,0,22,0%,8.18
https://www.designbees.com.au/marketing-design-roi-calculator,0,21,0%,6.95
https://www.designbees.com.au/case-studies/how-design-bees-delivered-humanova’s-complex-capability-documents-on-a-tight-two-week-deadline,0,16,0%,5.88
https://www.designbees.com.au/one-off-packages/brand-guidelines,0,16,0%,9.5
https://www.designbees.com.au/post/top-5-must-know-graphic-design-trends-for-small-and-medium-businesses-in-2025,0,14,0%,20.36
https://www.designbees.com.au/case-studies/how-l&m-creative-supercharged-their-social-media-output-with-design-bees-,0,11,0%,3.91
https://www.designbees.com.au/monthly-design-packages-flipbook-all,0,11,0%,7.36
https://www.designbees.com.au/faq-filestage-overview/how-do-i-turn-off-email-updates-from-filestage?,0,11,0%,7.64
https://www.designbees.com.au/faq-design-workflow/what-is-the-turnaround-time-for-a-design-job?,0,11,0%,8.36
https://www.designbees.com.au/blog/categories/outsourcing-design,0,11,0%,19.45
https://www.designbees.com.au/faq-design-workflow/i'am-not-sure-what-package-i-need,0,7,0%,24
https://www.designbees.com.au/blog/categories/design-operations,0,7,0%,27.57
https://designbees.com.au/,0,6,0%,7.33
https://www.designbees.com.au/client-times/permaconn,0,6,0%,27.67
https://www.designbees.com.au/client-times/pivot,0,5,0%,31.4
https://www.designbees.com.au/client-times/atlas-ag,0,5,0%,40.2
https://www.designbees.com.au/post/how-twiixt-went-from-concept-to-pitch-ready,0,4,0%,6.5
https://www.designbees.com.au/client-times/vonex,0,4,0%,7
https://www.designbees.com.au/blog/categories/design-costs-budgeting,0,4,0%,8
https://www.designbees.com.au/post/freelancer-vs-monthly-design-plan,0,4,0%,16.75
https://www.designbees.com.au/pricing-plans/plans-pricing,0,3,0%,3.33
https://www.designbees.com.au/design-solutions-old/graphic-design-old,0,3,0%,3.67
https://www.designbees.com.au/blog/categories/tech-innovations,0,3,0%,6
https://www.designbees.com.au/case-studies/alder-construction---bringing-airlee-summit-to-life,0,3,0%,6.67
https://www.designbees.com.au/client-times/grpl,0,3,0%,8
https://www.designbees.com.au/case-studies/providing-the-generation-e-marketing-team-with-a-scalable-design-solution,0,2,0%,8.5
https://www.designbees.com.au/client-times/mckenzie-brand,0,2,0%,44
https://www.designbees.com.au/client-times/real-ict,0,1,0%,2
https://www.designbees.com.au/client-times/google,0,1,0%,3
https://www.designbees.com.au/client-times/blugibbon,0,1,0%,4
https://www.designbees.com.au/client-times/anzuk-education-,0,1,0%,6
https://www.designbees.com.au/blog/categories/case-studies,0,1,0%,7
https://www.designbees.com.au/blog/categories/branding-and-identity,0,1,0%,8
https://www.designbees.com.au/blog/categories/ai-in-design-and-marketing,0,1,0%,9
https://www.designbees.com.au/client-times/horizonx,0,1,0%,9
https://www.designbees.com.au/client-times/kallipr,0,1,0%,34
https://www.designbees.com.au/blog/categories/industry-news,0,1,0%,79