Top queries,Clicks,Impressions,CTR,Position
design bees,159,267,59.55%,1.93
designbees,44,67,65.67%,1.01
design bee,9,207,4.35%,6.8
graphic design services,4,1787,0.22%,4.63
brand identity package,4,322,1.24%,4.71
brand design,3,1277,0.23%,17.48
logo package,2,504,0.4%,6.95
branding package,2,346,0.58%,4.38
logo design package,2,184,1.09%,11.35
graphic design surry hills,2,118,1.69%,1.62
freelance graphic designer hourly rate australia,2,75,2.67%,6.36
graphic design prices,2,68,2.94%,26.57
small business branding package,2,57,3.51%,14.63
graphic design price list australia,2,39,5.13%,8.49
graphic designer cost,2,18,11.11%,1.22
graphic design subscription services,2,8,25%,2
freelance graphic designer rate,2,6,33.33%,2.17
graphic designer cost per hour,2,6,33.33%,5
cheap branding packages,2,4,50%,2.5
branding design,1,901,0.11%,26.17
unlimited graphic design australia,1,390,0.26%,31.85
graphic design services australia,1,365,0.27%,3.64
graphic designing services,1,289,0.35%,4.81
graphic design hourly rate,1,229,0.44%,13.11
logo and brand design,1,226,0.44%,13.32
unlimited graphic design,1,193,0.52%,18.55
brand design package,1,155,0.65%,4.16
graphic design,1,155,0.65%,7.68
graphic design packages,1,137,0.73%,18.97
branding packages,1,107,0.93%,7.64
logo and branding design,1,104,0.96%,8.07
branding graphic design,1,75,1.33%,10.53
brand pack,1,70,1.43%,5.61
graphic design price list,1,63,1.59%,15.3
brand package,1,60,1.67%,5.72
graphic designer australia,1,58,1.72%,12.48
graphic design branding,1,54,1.85%,15.2
freelance graphic designer sydney,1,53,1.89%,2.58
graphic design companies australia,1,53,1.89%,7.11
graphic design agency sydney,1,52,1.92%,4.87
graphic designer sydney,1,47,2.13%,5.11
business branding package,1,42,2.38%,17.17
graphic design companies sydney,1,34,2.94%,2.62
graphic design companies,1,26,3.85%,3.85
digital designer sydney,1,25,4%,6.52
graphic designer rates per hour,1,22,4.55%,16.09
how much does a graphic designer cost,1,21,4.76%,1.67
graphic design cost,1,21,4.76%,1.9
graphic design rates per hour,1,16,6.25%,5.69
hourly rate for graphic designer,1,15,6.67%,5.07
brand design service,1,15,6.67%,5.2
brand and logo design,1,14,7.14%,9.29
designer branding,1,14,7.14%,16.14
graphic design rates,1,13,7.69%,4.85
graphic design services price list,1,11,9.09%,2.73
freelance poster design rates,1,11,9.09%,4
graphic design package,1,11,9.09%,10
graphic design costs,1,10,10%,1.5
logo and branding services,1,10,10%,14.1
logo buy,1,9,11.11%,8.89
freelance graphic design rates per project,1,8,12.5%,3
freelance graphic design rate,1,7,14.29%,7.71
graphic design near me,1,7,14.29%,16
graphic design pricing guide,1,6,16.67%,1.67
graphic designer fees,1,6,16.67%,1.83
xv premium bd,1,6,16.67%,7.83
business design package,1,6,16.67%,10.5
unlimited graphic design subscription,1,6,16.67%,15.33
full brand identity package,1,5,20%,3.6
logo and brand design services,1,5,20%,4
branding package price,1,5,20%,11
design agencies,1,4,25%,1
graphic designer day rate,1,4,25%,1.25
pricing graphic design work,1,4,25%,2.5
graphic design charges for freelance,1,4,25%,3.25
cost for branding package,1,4,25%,4.25
subscription design,1,4,25%,5
how much does a branding package cost,1,4,25%,6.25
subscription based design agency,1,4,25%,17.25
sydney graphic design agency,1,3,33.33%,1
unlimited design subscription,1,3,33.33%,1.33
graphic designer rates,1,3,33.33%,2.33
full branding,1,3,33.33%,9
brand development package,1,3,33.33%,57.33
how much should i charge as a freelance graphic designer,1,2,50%,1
on demand graphic design services,1,2,50%,1
graphic design fee,1,2,50%,1.5
graphic design price list 2026,1,2,50%,1.5
design rates,1,2,50%,2.5
freelance senior graphic designer hourly rate,1,2,50%,4.5
logo and branding design services,1,2,50%,6
hourly rate,1,1,100%,2
logo design buy,1,1,100%,2
unlimited web design,1,1,100%,3
branding package design,1,1,100%,4
cheaper one,1,1,100%,4
freelance digital designer,1,1,100%,5
graphic designer brand identity,1,1,100%,6
website design agency sydney,1,1,100%,61
logo branding,0,532,0%,7.61
design,0,417,0%,15
graphic design australia,0,373,0%,11.08
branding and logo design,0,372,0%,10.03
graphic design subscription,0,265,0%,24.08
design services,0,250,0%,9.29
graphics design agency,0,230,0%,1.13
logo design & branding,0,227,0%,16.86
branding and logo design packages,0,220,0%,8.97
email design services,0,212,0%,10.61
design subscription,0,212,0%,27.32
graphic design perth,0,202,0%,24.96
graphic designer services,0,199,0%,2.97
logo design services,0,196,0%,24.63
small business graphic design,0,178,0%,13.89
graphic design service,0,176,0%,4.78
brand packages,0,174,0%,2.79
graphic design adelaide,0,174,0%,23.74
design designer,0,165,0%,19.81
graphic design outsourcing companies,0,162,0%,24.14
graphic design branding packages,0,161,0%,4.32
branding and graphic design,0,158,0%,25.01
branding and logo,0,154,0%,4.86
affordable graphic design,0,151,0%,9.25
motion graphics australia,0,147,0%,25.72
design agency,0,145,0%,1.23
graphic design for small business,0,144,0%,23.52
graphic design agency australia,0,142,0%,6.98
online graphic design services,0,142,0%,18.76
graphic design elizabeth street,0,137,0%,19.07
graphic design for small businesses,0,134,0%,13.06
branding and design,0,132,0%,13.34
freelance designer rates,0,130,0%,15.15
graphic designer perth,0,130,0%,29.97
graphic designer,0,128,0%,1.82
motion graphics melbourne,0,127,0%,59.12
brand design packages,0,126,0%,3.54
corporate branding packages,0,125,0%,17.08
logo design and branding,0,123,0%,13.83
graphic design services sydney,0,122,0%,2.07
branding logo,0,122,0%,32.02
graphic design company australia,0,120,0%,15.18
unlimited graphic design service,0,114,0%,13.35
graphic design au,0,112,0%,5.55
graphic design studio sydney,0,111,0%,1.14
graphics design services,0,111,0%,4.05
graphic designers perth,0,111,0%,15.54
logo designing packages,0,111,0%,31.78
graphics design,0,110,0%,29.36
logo and website design package,0,109,0%,8.74
branding & logo design,0,109,0%,12.55
unlimited graphic design packages,0,108,0%,13.81
graphic design monthly subscription,0,108,0%,32.41
website and logo design package,0,105,0%,7.32
graphic design solutions australia,0,103,0%,1.64
designs graphic design,0,103,0%,4.12
graphic design company,0,101,0%,7.88
digital design services,0,100,0%,2.1
motion graphics services,0,99,0%,8.14
graphic design s,0,97,0%,29.2
logo and branding,0,94,0%,2.61
branding designer australia,0,93,0%,14.04
logo and branding graphic design,0,90,0%,3.42
motion graphic design services agency sydney,0,88,0%,2.67
landing page design service,0,87,0%,3.45
affordable brand design,0,85,0%,42.96
brand development packages,0,81,0%,6.79
graphic design marketing services,0,79,0%,7.38
infographics design services sydney,0,79,0%,10.05
bee design,0,77,0%,4.45
graphic designers au,0,77,0%,13.18
graphic design five dock,0,77,0%,28.94
brand identity design,0,77,0%,31.86
website graphic design services,0,75,0%,7.76
online graphic design agency,0,75,0%,25
graphic design consulting services,0,73,0%,19.92
on demand graphic design,0,72,0%,23
branding logo design,0,71,0%,15.65
bespoke graphic design,0,70,0%,9.71
logo design packages,0,70,0%,16.69
website and logo package,0,68,0%,4.82
graphic design sydney,0,68,0%,7.29
graphic design hornsby,0,68,0%,22.01
design branding australia,0,68,0%,23.66
unlimited graphic design services,0,68,0%,24.57
filestage,0,67,0%,6.46
australia freelance graphic designer hourly rate 2026,0,66,0%,6.3
graphic design geebung,0,66,0%,9.52
on-demand design services sydney,0,65,0%,4.46
logo design package includes,0,65,0%,8.35
brand identity design australia,0,65,0%,10
graphic design services agency sydney,0,64,0%,1.25
graphic design services offered,0,64,0%,6.73
landing page design,0,63,0%,1
https://go-creative.com.au/about/our-work/,0,63,0%,53.87
packages for small business,0,62,0%,7.52
brand identity designer,0,62,0%,10.47
+large +format +graphic +design +pricing,0,62,0%,12.11
graphic design companies in australia,0,61,0%,6.98
logo design branding packages,0,61,0%,15.28
logo and branding packages,0,60,0%,5.97
graphic design outsourcing,0,60,0%,17.23
graphic design services perth,0,60,0%,24.22
custom branding,0,60,0%,29.12
motion graphics design agency surry hills,0,59,0%,2.36
graphic design central city,0,58,0%,2.02
graphic design designs,0,58,0%,2.53
"""envato"" ""terms of usage"" ""support/help""",0,58,0%,7.48
design subscription service,0,58,0%,24.81
logo and website package,0,57,0%,5.05
logo and web design package,0,57,0%,7.82
logo designer sydney,0,56,0%,1.89
logo designers,0,55,0%,2.45
graphic designers australia,0,55,0%,16.22
web design subscription,0,55,0%,26.13
graphic design services asutralia,0,54,0%,6.63
graphic design sydney cbd,0,53,0%,5.19
graphic design experts,0,53,0%,11.23
design branding,0,52,0%,15.9
brand designer,0,52,0%,42.35
graphic design service australia,0,51,0%,2.35
designes,0,51,0%,7.41
catalogue designers,0,49,0%,30.37
logo design service,0,48,0%,6
graphic designer hourly rate,0,48,0%,16.02
graphics and designs,0,47,0%,1
branding and packaging design,0,47,0%,45.83
graphic design studio surry hills,0,46,0%,1
brochure design sydney,0,46,0%,7.22
logo design price australia,0,46,0%,25.87
offshore graphic design services,0,45,0%,30.76
graphic designers sydney,0,44,0%,6.25
creative subscription service,0,44,0%,17.02
"affordable graphic design services in australia that are actually good 
quality (for australia)",0,43,0%,1.02
graphic design package pricing,0,43,0%,3.05
digital media design,0,43,0%,9.44
graphic design company sydney,0,42,0%,2.12
logo and brand identity design,0,42,0%,5.6
branding and logo design packages perth,0,42,0%,11.24
b2b graphic designer,0,41,0%,9
unlimited graphic design services australia,0,41,0%,31.41
how much does branding cost in newcastle,0,41,0%,77.73
"best graphic design services in australia for small businesses (for 
australia)",0,40,0%,2.38
graphic design and digital design,0,40,0%,11.6
brand & logo design,0,40,0%,31.1
graphic designers branding,0,40,0%,44.95
"graphic design subscription service vs hiring a local australian designer 
(for australia)",0,39,0%,1.08
boutique graphic designers,0,39,0%,1.44
"what types of graphic design services do australian agencies typically 
offer (for australia)",0,39,0%,1.69
australian graphic design companies,0,39,0%,4.15
landing page design agency,0,39,0%,11
graphic design package deals,0,39,0%,13.77
logo design pricing,0,39,0%,33.15
graphic design perth cbd,0,39,0%,50.72
buy logo,0,38,0%,11.42
logo and web design packages,0,38,0%,12.37
brand graphic design,0,38,0%,16.18
affordable graphic designers,0,38,0%,17.03
branding packages sydney,0,37,0%,4.78
design.com services surry hills,0,37,0%,7.08
hire graphic designer sydney,0,37,0%,9.57
design graphic design,0,37,0%,10.27
business branding,0,37,0%,52.41
logo design charges,0,37,0%,55.86
graphic design pitt street,0,36,0%,1.28
branding and design agency packages and pricing in australia (for australia),0,36,0%,2.86
graphic designer hourly rate australia,0,36,0%,12.44
local graphic design firms,0,35,0%,1
unlimited graphic design subscription services australia,0,35,0%,1.11
brand pack design,0,35,0%,3.46
branding pack,0,35,0%,7.57
best design agencies in australia for startups,0,35,0%,8.6
motion graphic services,0,35,0%,10.11
australia graphic design,0,35,0%,11.8
logo branding package,0,35,0%,17.57
graphic design services melbourne,0,35,0%,28.71
design bees presentation design service comparison,0,34,0%,1
design bees unlimited graphic design subscription dedicated designer,0,34,0%,1
local design companies,0,34,0%,1
logo designers near me,0,34,0%,1.74
graphic designers,0,34,0%,2.97
motion design services,0,34,0%,15.47
graphic design subscription service,0,34,0%,16.85
professional brand design,0,34,0%,42.15
design bees subscription video editing comparison,0,33,0%,1.03
design brand,0,33,0%,12.15
best unlimited graphic design service,0,33,0%,14.15
design bees vs other unlimited graphic design subscriptions,0,32,0%,1.03
best unlimited graphic design subscription services australia,0,32,0%,1.94
custom graphic design,0,32,0%,8.12
motion graphic design services,0,32,0%,10.66
graphics designer,0,32,0%,17.06
graphic design packages for small business,0,32,0%,18.75
brand identity kit,0,32,0%,20.97
logo design cost australia,0,32,0%,24.38
logo design cost,0,32,0%,53.03
brochure graphic design,0,31,0%,4.68
creative design services,0,31,0%,10.19
graphic design payment,0,31,0%,11.29
small business graphic design services,0,31,0%,11.55
logo and brand identity package,0,31,0%,25.19
business logos design,0,30,0%,10.07
small business branding package sydney,0,30,0%,13.63
subscription based design services,0,30,0%,15.37
adelaide graphic design,0,30,0%,21.6
design bees logo and branding design package monthly subscription,0,29,0%,1
logo & branding,0,29,0%,7.34
designing service,0,29,0%,9.28
perth graphic designers,0,29,0%,34.21
graphic design strathpine,0,29,0%,36.21
design bees logo branding vs studio friday australian small businesses,0,28,0%,1
graphic design in australia,0,28,0%,4.68
best graphic design services for small businesses australia,0,28,0%,4.75
graphic design branding package,0,28,0%,5.11
digital graphic design services,0,28,0%,6.93
"recommended graphic design agencies in australia for nonprofits (for 
australia)",0,28,0%,9.96
logo and website design packages,0,28,0%,12.32
graphic design darra,0,28,0%,12.93
graphic designer adelaide,0,28,0%,37.32
graphic design darling harbour,0,27,0%,1
how much do graphic designers charge,0,27,0%,2
package branding,0,27,0%,3.37
brand pack creation,0,27,0%,4.81
social media graphic design pricing,0,27,0%,9.19
motion graphic design service,0,27,0%,9.78
brand identity pricing packages,0,27,0%,20.93
graphic designers adelaide sa,0,27,0%,52.15
"freelance graphic designer vs graphic design agency in australia, which is 
better (for australia)",0,26,0%,1
how much do graphic design services cost in australia (for australia),0,26,0%,1
visual designer,0,26,0%,7.81
graphic design partner for business,0,26,0%,17.5
graphic designs,0,26,0%,19
magazine design company,0,26,0%,23.62
graphic design price quote,0,26,0%,24.23
logo design prices,0,26,0%,43.54
graphic design companies near me,0,25,0%,1
graphic design studios in sydney,0,25,0%,1.24
corporate graphic design,0,25,0%,2.32
flat rate graphic design,0,25,0%,6.84
top graphic design agencies in australia 2026 (for australia),0,25,0%,9.48
"most recommended logo and branding designers for new businesses in 
australia (for australia)",0,25,0%,9.56
branding with graphic design,0,25,0%,14.72
branding logo package,0,25,0%,25.48
creative design agency surry hills,0,24,0%,1
graphic design alexandria,0,24,0%,1
best logo design company sydney,0,24,0%,1.25
freelance graphic designers sydney,0,24,0%,1.33
logo design firm,0,24,0%,2.29
graphics designs,0,24,0%,4.17
graphic design graphics,0,24,0%,7.71
graphic design business,0,24,0%,22
company brand design,0,24,0%,22.21
graphic design fitzroy,0,24,0%,36.12
logo design rates,0,24,0%,49.25
best logo design and branding packages for startups (for australia),0,23,0%,1.26
graphic designer agency,0,23,0%,2.3
subscription graphic design,0,23,0%,3.7
business graphic design,0,23,0%,7.65
designer bee,0,23,0%,9.09
best graphic designers australia,0,23,0%,11.43
brand identity package for startups perth,0,23,0%,20.74
small business graphic designer,0,23,0%,20.83
graphic design fees and pricing guide,0,23,0%,22.39
creative web design and branding for entrepreneurs,0,23,0%,22.52
design customer,0,23,0%,22.61
design and branding,0,23,0%,28.87
"most reliable graphic design services in australia for startups (for 
australia)",0,22,0%,1
australian graphic design agency i can hire online (for australia),0,22,0%,2.59
graphic design services near me australia (for australia),0,22,0%,2.68
digital media design services,0,22,0%,4.05
small business graphic deisgn australia,0,22,0%,5
design package,0,22,0%,5.41
business logo design,0,22,0%,5.5
graphic design deals,0,22,0%,12.64
logo for branding,0,22,0%,15.36
website design hourly rate,0,22,0%,52.05
logo design melbourne price,0,22,0%,55
animations and motion graphics melbourne,0,22,0%,60
small business logo design sydney,0,21,0%,1.43
graphic design as a service,0,21,0%,2.38
best graphic design companies,0,21,0%,4.9
unlimited design service,0,21,0%,8.48
junior graphic designer hourly rate australia,0,21,0%,17.19
graphic design services ringwood,0,21,0%,22.71
small business creative design,0,21,0%,26.29
affordable design for new business,0,21,0%,27.76
website graphic designers,0,21,0%,28.71
graphic design solutions ringwood,0,21,0%,30
graphic design company perth,0,21,0%,30.19
logo design deal,0,21,0%,38.1
brand logo design,0,21,0%,56.57
graphic design perth wa,0,21,0%,57.38
brand product design,0,21,0%,78.57
"what should i look for when choosing a graphic design service in australia 
(for australia)",0,20,0%,1.2
"how does the graphic design process work when you hire an australian agency 
(for australia)",0,20,0%,1.4
logo design and full brand identity package services near me (for australia),0,20,0%,1.95
"australian graphic design agency vs offshore design service, what are the 
tradeoffs (for australia)",0,20,0%,3
umlimited graphic design services,0,20,0%,7.15
presentation design services for australian small businesses,0,20,0%,7.65
graphic design company in australia,0,20,0%,9.9
design companies,0,20,0%,11.05
branding and website package,0,20,0%,18
branding a logo,0,20,0%,33.1
graphic design in adelaide,0,20,0%,50.25
freelance graphic designer rates australia,0,19,0%,2.89
"which service offers the best value for graphic design templates and 
resources?. my location is australia.",0,19,0%,3.89
custom graphic design services,0,19,0%,5.63
logo packages,0,19,0%,7.16
price list graphic design,0,19,0%,7.32
design service,0,19,0%,18.11
brand designer australia,0,19,0%,25.42
graphic design brochure,0,18,0%,1
graphic design william street,0,18,0%,1
best graphic design companies in sydney,0,18,0%,1.61
branding and logos,0,18,0%,1.67
graphic digital designer,0,18,0%,2.44
brand logo identity and graphic design,0,18,0%,5.17
company branding package,0,18,0%,6.06
design work,0,18,0%,7.11
business company logo design,0,18,0%,9.22
graphic design services graphic,0,18,0%,9.33
design branding package,0,18,0%,12.56
graphic design monthly packages,0,18,0%,13.44
australian graphic designers,0,18,0%,18.94
brand and graphic design,0,18,0%,23.94
designing services,0,18,0%,27.06
subscription based design service,0,18,0%,27.89
logo design rate,0,18,0%,54.56
logo design fee,0,18,0%,55.06
affordable design for startups,0,18,0%,64.94
professional graphic design,0,17,0%,1
logo designers sydney,0,17,0%,1.06
logo design companies,0,17,0%,1.12
professional graphic design services in australia (for australia),0,17,0%,1.94
creative designer,0,17,0%,3.47
business logo and branding,0,17,0%,5.47
logo designer,0,17,0%,6.24
"how do graphic design service pricing models work in australia, hourly vs 
project vs retainer (for australia)",0,17,0%,6.94
logo design and branding services,0,17,0%,9
logo design for business,0,17,0%,11.12
unlimited graphic design free trial,0,17,0%,13
graphic designer for small business,0,17,0%,14.76
graphic designer rate per hour,0,17,0%,15.18
business brand design,0,17,0%,17.82
logo and branding package,0,17,0%,21
branded logo,0,17,0%,35.35
logo design fees,0,17,0%,58.35
design graphic designer,0,16,0%,1.12
car graphic design sydney,0,16,0%,1.31
graphics graphic design,0,16,0%,1.94
graphic and digital design,0,16,0%,3.81
branding and identity design australia,0,16,0%,4.94
best unlimited graphic design services,0,16,0%,6.38
"how much does a branding and design agency charge in australia (for 
australia)",0,16,0%,6.5
logo design company,0,16,0%,6.94
brochure designers au,0,16,0%,9.12
unlimited graphic designs,0,16,0%,10.31
custom design service,0,16,0%,11.62
unlimited design services,0,16,0%,11.75
how much do graphic designers make,0,16,0%,12.94
social media branding package,0,16,0%,13.19
graphic designers in australia,0,16,0%,16.19
best brand design,0,16,0%,16.81
advertising designers,0,16,0%,17.12
branding package for small business,0,16,0%,18
graphic design circular quay,0,16,0%,19
business branding packages,0,16,0%,19.12
business logo package,0,16,0%,19.31
graphic designer perth cost,0,16,0%,22.06
b2b graphic design,0,16,0%,27.19
design agentur,0,16,0%,27.75
how much does it cost to design a product,0,16,0%,77.44
https://go-creative.com.au/privacy-policy/,0,16,0%,95.44
graphic design bondi junction,0,15,0%,1
best graphic designers,0,15,0%,1.67
graphic design business card,0,15,0%,1.73
best unlimited graphic design subscriptions for australian startups,0,15,0%,2.47
graphic design reseller,0,15,0%,2.87
medical graphic designer,0,15,0%,4.93
brand strategy package,0,15,0%,6.13
website design subscription company,0,15,0%,6.47
sydney graphic designer,0,15,0%,6.73
twiixt,0,15,0%,8.07
logo design,0,15,0%,9.27
brand design australia,0,15,0%,13.53
design agencies australia,0,15,0%,15.27
professional graphics design torquay,0,15,0%,21.8
graphic design brand design,0,15,0%,23.87
average graphic designer salary australia,0,15,0%,24.33
hire 3d advertising designers,0,15,0%,25.73
monthly design service,0,15,0%,29.67
perth graphic design,0,15,0%,32.33
graphic studio design,0,15,0%,42.27
motion graphics for social melbourne,0,15,0%,54.93
"which australian graphic design services are best for ongoing brand work 
(for australia)",0,14,0%,1
best logo and brand design packages,0,14,0%,2.36
graphic design pricing,0,14,0%,4.5
graphic design and branding services,0,14,0%,5.5
ongoing design support sydney,0,14,0%,6.36
logo design and website packages,0,14,0%,8.64
design agency for scaleups,0,14,0%,9.43
design businesses,0,14,0%,9.5
graphics design services torquay,0,14,0%,19.5
branding identity package,0,14,0%,19.79
graphic design logo package,0,14,0%,20
graphic design phillip,0,14,0%,28.29
filestage.io,0,14,0%,33.93
design consultancy sydney,0,13,0%,1
graphic design botany,0,13,0%,1
graphic design miller street,0,13,0%,1
motion graphics design agency sydney,0,13,0%,1.69
how much is a graphic designer,0,13,0%,1.85
logo design sydney,0,13,0%,3.31
graphic design price,0,13,0%,4.15
design packages,0,13,0%,5.08
brand identity package price,0,13,0%,5.31
"best graphic design services in australia for professional branding (for 
australia)",0,13,0%,6.46
graphic subscription,0,13,0%,7.23
web design subscription melbourne,0,13,0%,7.46
graphic design branding services,0,13,0%,7.54
freelance graphic designer,0,13,0%,12
custom graphic design for businesses,0,13,0%,13.54
monthly graphic design services,0,13,0%,14.54
brand identity design sydney,0,13,0%,22.23
designs,0,13,0%,24.23
design & branding,0,13,0%,30.31
graphics design torquay,0,13,0%,31.23
motion by design,0,13,0%,36.38
graphic design outsource,0,13,0%,36.54
graphic design and branding,0,13,0%,43.08
ongoing graphic design support,0,12,0%,3.33
flat rate graphic design services,0,12,0%,6.25
graphic design services company​,0,12,0%,7.75
best affordable graphic design service for australian startups,0,12,0%,8.25
graphic designer freelance rates,0,12,0%,9.25
design bees vs penji vs design pickle for small teams,0,12,0%,9.58
cheap logo design,0,12,0%,11
branding cost,0,12,0%,13.83
presentation design melbourne,0,12,0%,18.58
graphic design agency,0,12,0%,24.75
branding design logo,0,12,0%,25.42
australian graphic designer,0,12,0%,26.58
unlimited video design service,0,12,0%,30
branding & logo,0,12,0%,31.92
full service design agencies,0,12,0%,39.25
design graphic studio,0,12,0%,61.5
top logo design subscription services australia,0,11,0%,2
great graphic designers,0,11,0%,2.45
unlimited design subscription vs freelance designer australia,0,11,0%,2.64
branding suite,0,11,0%,4.27
graphic design art,0,11,0%,6.91
what is in a branding package,0,11,0%,7.36
video graphics,0,11,0%,8
design.,0,11,0%,8.27
hourly rate graphic designer australia,0,11,0%,8.36
logo designs design,0,11,0%,9.55
graphic designer company,0,11,0%,9.73
presentation design australia,0,11,0%,10
leki electric,0,11,0%,11.09
cheap graphic design,0,11,0%,11.64
freelance graphic designer hourly rate australia 2019,0,11,0%,13.27
branding designs,0,11,0%,13.91
graphic design for b2b,0,11,0%,19.64
graphic design toowong,0,11,0%,22.55
design outsourcing,0,11,0%,28.36
brand design for new business,0,11,0%,35.36
graphic design richmond,0,11,0%,40.82
graphic design unley,0,11,0%,42.18
graphic designer website,0,11,0%,44.18
motion graphics design studio,0,11,0%,64.64
design agency surry hills,0,10,0%,1
graphic design york street,0,10,0%,1
how much does a graphic designer cost per hour,0,10,0%,1.1
what is included in a brand identity package (for australia),0,10,0%,1.4
"why do australian businesses hire professional graphic design services 
instead of doing it themselves (for australia)",0,10,0%,1.8
freelance graphic design sydney,0,10,0%,1.9
how much does a graphic designer charge per hour,0,10,0%,1.9
company logo and branding,0,10,0%,2.4
digital art designer,0,10,0%,2.7
digital graphic designer,0,10,0%,2.7
how much does it cost to hire a graphic designer,0,10,0%,3
brand identity and logo design,0,10,0%,4.8
branding bees,0,10,0%,6.4
humanova,0,10,0%,6.4
brand identity design cost,0,10,0%,7
graphic design packages prices,0,10,0%,7.4
design business,0,10,0%,8.3
video infographic designer brisbane,0,10,0%,8.5
company logo design,0,10,0%,9
design pack,0,10,0%,9
logo price,0,10,0%,9.1
professional logo design,0,10,0%,9.4
canva packages,0,10,0%,10
what is the hourly rate for a graphic designer,0,10,0%,11.6
logo design branding,0,10,0%,12
design agency services,0,10,0%,14.6
graphic design advertising agency,0,10,0%,16.5
branding design packages,0,10,0%,18.3
graphic designer pay rate,0,10,0%,21.1
branding design australia,0,10,0%,23
rebrand package,0,10,0%,24
australia graphic designer salary,0,10,0%,27.2
corporate branding and packaging,0,10,0%,27.7
brand identity design services,0,10,0%,28.3
graphic designer salary australia,0,10,0%,28.5
graphic design company website,0,10,0%,29.7
affordable branding,0,10,0%,35.9
graphic design advertising,0,10,0%,40.1
and logo design,0,10,0%,44.9
logo designer northern beaches,0,10,0%,54.7
branding design for small business,0,10,0%,68
creative design agency sydney,0,9,0%,1
graphic design martin place,0,9,0%,1
graphic design freelance rates,0,9,0%,1.78
graphic design fees,0,9,0%,2.33
graphic design cost per hour,0,9,0%,3.33
graphic designer hourly rates,0,9,0%,3.44
best graphic design,0,9,0%,5.56
senior graphic designer freelance rate,0,9,0%,6.33
buy a logo,0,9,0%,8.33
graphic design logo cost,0,9,0%,9.44
freelance graphic designer hourly rate,0,9,0%,9.56
buy logos,0,9,0%,10.56
graphics designing company,0,9,0%,10.56
senior graphic designer hourly rate,0,9,0%,10.67
graphic advertising services,0,9,0%,11.33
buy logo design,0,9,0%,11.67
brand graphics,0,9,0%,13.89
monthly graphic design package,0,9,0%,15
branding packages australia,0,9,0%,17
hire a graphic designer sydney,0,9,0%,19.56
graphic design salary in australia,0,9,0%,25.56
design company,0,9,0%,26.78
design cuts,0,9,0%,39
graphic design homebush,0,9,0%,40.67
how much does branding cost,0,9,0%,44
branding and identity design,0,9,0%,44.78
graphic design website,0,9,0%,47.44
business-branding,0,9,0%,50.67
graphic design in brisbane,0,9,0%,52.56
buy graphic design,0,9,0%,54.11
web design agency in sydney,0,9,0%,61.33
graphic design studio design,0,9,0%,75.44
digital graphics design,0,8,0%,1.62
notifications@filestage.io,0,8,0%,3
average hourly rate for graphic designer,0,8,0%,3.38
rates for graphic designers,0,8,0%,4.12
sydney graphic design studios,0,8,0%,4.25
affordable graphic designer,0,8,0%,4.38
branding package pricing,0,8,0%,5.75
graphic designers near me,0,8,0%,6.12
best graphic designer,0,8,0%,6.38
pricing graphic,0,8,0%,6.38
graphic designer branding,0,8,0%,7
desgin,0,8,0%,7.12
graphic design small business,0,8,0%,7.5
animated graphics,0,8,0%,8.12
branding price,0,8,0%,8.75
outsourcing graphic design,0,8,0%,8.88
graphic design services for small business,0,8,0%,9.25
graphic design agency services,0,8,0%,9.38
graphics design company,0,8,0%,9.62
how much does brand design cost,0,8,0%,10.12
freelance designer hourly rate,0,8,0%,10.38
get a quote from a branding and design agency in australia (for australia),0,8,0%,10.5
freelance logo design cost,0,8,0%,10.88
brand identity and packaging design,0,8,0%,11.25
graphic designer near me,0,8,0%,12.38
graphic designer packages,0,8,0%,12.38
design and logo,0,8,0%,14.88
3d graphic design services,0,8,0%,19.75
graphic designer wage australia,0,8,0%,22.88
designious,0,8,0%,25.12
offshore graphic design service,0,8,0%,26.75
graphic designers essendon,0,8,0%,29.12
corporate identity packages,0,8,0%,31.12
graphic design salary australia,0,8,0%,31.12
artbees,0,8,0%,35.5
perth graphic designer,0,8,0%,35.62
graphic design neutral bay,0,8,0%,44.75
logo design australia,0,8,0%,44.88
product design subscription,0,8,0%,61.62
design subscription for startups,0,8,0%,63.25
graphic art design,0,7,0%,1
graphics design firm,0,7,0%,1
monthly graphic design service,0,7,0%,1
western sydney graphic designer,0,7,0%,1.71
best logo designers australia,0,7,0%,2.14
graphic designer costs,0,7,0%,2.14
graphic design freelance rates australia,0,7,0%,2.29
graphic designer melbourne,0,7,0%,2.43
graphic artist,0,7,0%,3
graphics and design,0,7,0%,3.14
standard graphic design rates,0,7,0%,3.29
brand identity packages,0,7,0%,4
graphics subscription,0,7,0%,4
logos and branding,0,7,0%,4
how much does a graphic designer make per hour,0,7,0%,4.43
advertising graphic design services,0,7,0%,5
graphic designer in australia,0,7,0%,5
graphic design fees and pricing guide pdf,0,7,0%,5.14
graphic design studio australia,0,7,0%,5.43
graphic design hourly rates,0,7,0%,5.57
graphic design poster price,0,7,0%,5.71
brand identity pack,0,7,0%,6.29
graphic design studios sydney,0,7,0%,6.29
designer cost,0,7,0%,6.43
graphics designer sydney cbd,0,7,0%,6.71
freelance graphic designer rates,0,7,0%,6.86
designer hourly rate,0,7,0%,7
graphic design specialist,0,7,0%,7.57
logo design package price,0,7,0%,8.43
motion editing,0,7,0%,8.57
open design,0,7,0%,8.57
design package price,0,7,0%,8.86
logo purchase,0,7,0%,9.71
average graphic designer hourly rate,0,7,0%,10.57
graphic design services and prices,0,7,0%,10.86
bee designs,0,7,0%,11.29
corporate identity design price,0,7,0%,12
graphic design services description,0,7,0%,12.29
brand identity design package,0,7,0%,12.86
branding packages for small business,0,7,0%,14.14
how much does a graphic designer make,0,7,0%,14.57
full branding package,0,7,0%,14.71
graphic design brand,0,7,0%,15.14
graphic design for local businesses,0,7,0%,15.14
corporate identity designers,0,7,0%,15.71
how much does a graphic designer get paid,0,7,0%,17
branding design package,0,7,0%,17.29
design graphics,0,7,0%,18.86
graphic designer salary in australia per hour,0,7,0%,19.14
branding designer,0,7,0%,22.86
packaging design price,0,7,0%,24.29
package design price,0,7,0%,25.71
unlimited video design services,0,7,0%,26.14
graphic designer in australia salary,0,7,0%,31.14
graphic designer australia salary,0,7,0%,31.86
graphic designing business,0,7,0%,32.86
graphic design torquay,0,7,0%,33.86
logo designing charges,0,7,0%,39.71
design for brands,0,7,0%,40
company design,0,7,0%,49.57
graphic design studios perth,0,7,0%,52.57
logo design price,0,7,0%,58
design studio graphic,0,7,0%,91.86
brochure designers,0,6,0%,1
how much does graphic design cost,0,6,0%,1
logo designer in sydney,0,6,0%,1
graphic design corporate,0,6,0%,1.33
professional logo designers,0,6,0%,1.33
graphic design hourly rate 2026,0,6,0%,1.5
graphic designer price,0,6,0%,2
freelance graphic designer cost,0,6,0%,2.17
top design companies,0,6,0%,2.17
complete branding package,0,6,0%,2.83
commercial graphic design,0,6,0%,3
average cost for graphic design services,0,6,0%,3.17
average hourly rate for freelance graphic designer,0,6,0%,3.5
rate card graphic designer freelance,0,6,0%,3.5
what is included in a brand identity package,0,6,0%,3.83
bees design,0,6,0%,4
custom branding package,0,6,0%,4
graphic design help,0,6,0%,4.17
graphic digital design,0,6,0%,4.17
branding and identity design services,0,6,0%,4.5
cost graphic,0,6,0%,4.83
logo and brand identity designer,0,6,0%,4.83
branding packages pricing,0,6,0%,5.5
custom branding company,0,6,0%,5.5
graphic design businesses,0,6,0%,5.67
design cost,0,6,0%,5.83
design graphic art,0,6,0%,5.83
how much does a freelance graphic designer make,0,6,0%,5.83
full service graphic design studio,0,6,0%,6
market rate for graphic designer,0,6,0%,6
brand package design,0,6,0%,6.17
best logo designers,0,6,0%,6.5
graphic design for branding,0,6,0%,6.5
how much does a graphic designer charge for a logo,0,6,0%,6.5
publication design australia,0,6,0%,6.67
logo design pricing packages,0,6,0%,6.83
what is a typical day rate for a freelance designer?,0,6,0%,7
graphic design per hour,0,6,0%,7.33
graphic design agencies sydney,0,6,0%,7.67
freelance graphic design hourly rate,0,6,0%,8.67
web and logo design packages,0,6,0%,8.67
branding package cost,0,6,0%,9
branding & design,0,6,0%,9.67
logo artwork design,0,6,0%,9.67
branding package example,0,6,0%,10
graphic artist hourly rate,0,6,0%,10
branding graphics,0,6,0%,10.17
leki motorcycles,0,6,0%,10.33
editorial designer,0,6,0%,10.5
custom designed logo,0,6,0%,10.83
design logo s,0,6,0%,11
monthly design,0,6,0%,11
platform graphic design,0,6,0%,11.33
affordable small business design agency,0,6,0%,11.5
business branding design,0,6,0%,11.5
graphic design subscription box,0,6,0%,11.5
how much should a graphic designer charge per hour,0,6,0%,11.67
design & graphics,0,6,0%,12.17
how much does a brand identity cost,0,6,0%,12.17
average freelance graphic designer rate,0,6,0%,12.5
designer logo design,0,6,0%,15.5
outsource graphic design services,0,6,0%,16
designing company,0,6,0%,18.5
professional logo design and brand identity packages,0,6,0%,21.33
small design agency,0,6,0%,21.33
graphic design agent,0,6,0%,22.83
graphic designer salary in australia per month,0,6,0%,24.17
graphic design home business,0,6,0%,25.5
graphic designer salary in australia,0,6,0%,27
subscription design services,0,6,0%,27.33
australian graphic designer salary,0,6,0%,27.67
presentation design services,0,6,0%,29.33
logo brand design,0,6,0%,32.5
motion graphics production,0,6,0%,33.33
design monthly,0,6,0%,34
graphic design and logo design,0,6,0%,36
manypixels,0,6,0%,39.17
design for business,0,6,0%,40.17
digital branding package,0,6,0%,46.5
graphic design studio perth,0,6,0%,55.83
web design company in sydney,0,6,0%,57.67
branding packaging,0,6,0%,60.17
web design services in sydney,0,6,0%,61
web development agency in sydney,0,6,0%,67.67
small business graphic design sydney,0,5,0%,1.4
average price for graphic design work,0,5,0%,2
custom logo designers,0,5,0%,2
graphic design services pricing,0,5,0%,2
what are the latest youtube banner pricing options available on the web,0,5,0%,2
how much should a freelance graphic designer charge,0,5,0%,2.2
how much to charge for freelance graphic design,0,5,0%,2.4
average hourly rate for a graphic designer,0,5,0%,2.6
branding and graphic design services,0,5,0%,2.6
graphic design services cost,0,5,0%,2.6
logo design and branding package,0,5,0%,2.8
graphic design charges,0,5,0%,3
motion design agency sydney,0,5,0%,3
pricing graphic design,0,5,0%,3
list of graphic design companies,0,5,0%,3.2
sydney graphic designers,0,5,0%,3.2
design thinking,0,5,0%,3.4
how much do freelance graphic designers charge per hour,0,5,0%,3.4
logo design pack,0,5,0%,3.4
cost of graphic design,0,5,0%,3.6
design price,0,5,0%,3.6
graphic design price per hour,0,5,0%,3.6
design agencies sydney,0,5,0%,3.8
hire graphic designer,0,5,0%,3.8
freelance graphic design rates,0,5,0%,4.4
hourly rate for freelance graphic designer,0,5,0%,4.4
how much to charge for poster design,0,5,0%,4.8
small business design,0,5,0%,4.8
what is the average hourly rate for a graphic designer,0,5,0%,5.2
graphic designer hourly rate freelance,0,5,0%,5.4
graphics design package,0,5,0%,5.6
full service graphic design,0,5,0%,6
price list of graphic design services,0,5,0%,6
quality graphic design,0,5,0%,6
visual identity design services,0,5,0%,6
graphic designer hour rate,0,5,0%,6.8
3d graphic design,0,5,0%,7
flat fee graphic design,0,5,0%,7.4
graphic designer per hour,0,5,0%,7.4
australia graphic designer,0,5,0%,7.8
custom brand design,0,5,0%,8
full service design agency australia,0,5,0%,8
australian graphic design studios,0,5,0%,8.2
digital and print design agency,0,5,0%,8.4
website and logo design near me,0,5,0%,8.4
graphic design and marketing services,0,5,0%,8.8
graphic design services page,0,5,0%,8.8
subscription design service,0,5,0%,8.8
graphic design rates per project,0,5,0%,9
logo design services australia,0,5,0%,9
hourly rate for graphic designer freelance,0,5,0%,9.4
book cover design agency,0,5,0%,9.8
custom logo designs,0,5,0%,10.2
freelance design hourly rate,0,5,0%,10.2
graphic design on demand,0,5,0%,10.2
rachel korbel,0,5,0%,10.2
brand identify designer,0,5,0%,10.4
logo design hourly rate,0,5,0%,10.6
branded logo design,0,5,0%,10.8
marketing collateral design services,0,5,0%,11.4
senior graphic designer,0,5,0%,11.4
cheap graphic designer,0,5,0%,11.6
art design graphic,0,5,0%,13
graphics designers,0,5,0%,13.2
companies design,0,5,0%,14.4
australian graphic design,0,5,0%,15
website graphic designer,0,5,0%,16.2
creative graphic design,0,5,0%,17.2
graphic designer agencies,0,5,0%,17.2
cheap graphic designers,0,5,0%,17.4
presentation services,0,5,0%,17.4
graphic design consulting,0,5,0%,17.6
logo cost,0,5,0%,17.6
logo design studios,0,5,0%,17.6
logo website design package,0,5,0%,17.6
brand designers australia,0,5,0%,19.2
design bros,0,5,0%,19.2
business logo design packages,0,5,0%,20.2
graphic design solution,0,5,0%,20.4
graphics designer campsie,0,5,0%,20.8
canva monthly fee,0,5,0%,21.2
bluemelon design,0,5,0%,23
personal branding package,0,5,0%,23
graphic and brand design,0,5,0%,24
how much do people charge for ad creative creation,0,5,0%,24
small business branding packages,0,5,0%,25.8
business logo branding,0,5,0%,27.4
logo design graphic package,0,5,0%,28.4
average cost of logo design,0,5,0%,34.8
graphic designer hervey bay,0,5,0%,34.8
packaging design prices,0,5,0%,35.4
graphic design hervey bay,0,5,0%,36.4
average logo design cost,0,5,0%,37.8
freelance graphic design rates 2019,0,5,0%,38.4
design as a service,0,5,0%,39.6
design subscription box,0,5,0%,41
freelance graphic designer brisbane,0,5,0%,42.4
outsource creative design services,0,5,0%,44
business branding torquay,0,5,0%,46.2
online graphic designer,0,5,0%,47.2
graphic designer perth wa,0,5,0%,55.4
motion graphics brisbane,0,5,0%,55.4
how much does it cost for a logo,0,5,0%,57.2
motion graphics sydney,0,5,0%,58.8
packaging design pricing,0,5,0%,60.8
cost of logo design,0,5,0%,61.6
is graphic designer in demand in australia,0,5,0%,64
logo kit,0,5,0%,64.6
product label design cost,0,5,0%,65.2
graphic design identity,0,5,0%,66.6
graphic design melbourne cbd,0,5,0%,67.2
"branding agency vs freelance designer, what are the pros and cons (for 
australia)",0,4,0%,1
design engineer recruitment,0,4,0%,1
freelance graphic design,0,4,0%,1
local graphic artist,0,4,0%,1
local graphic design,0,4,0%,1
graphic design consultant,0,4,0%,1.25
art graphic design,0,4,0%,1.5
graphic logo designers,0,4,0%,1.5
how much does a graphic designer charge,0,4,0%,1.5
average cost of graphic design work,0,4,0%,1.75
cost to hire a graphic designer,0,4,0%,1.75
cost for graphic design services,0,4,0%,2
how much does it cost to hire a graphic designer?,0,4,0%,2
how much to pay a graphic designer,0,4,0%,2
design costs,0,4,0%,2.25
professional business logo design,0,4,0%,2.5
what is the average hourly rate for freelance graphic designer,0,4,0%,2.5
3d graphics designer,0,4,0%,2.75
brand logo package,0,4,0%,2.75
graphic design rate,0,4,0%,2.75
monthly graphic design subscription,0,4,0%,2.75
services graphic design,0,4,0%,3
what are graphic design services,0,4,0%,3
freelance rate for graphic designer,0,4,0%,3.25
3d graphic designer,0,4,0%,3.5
graphic designer per hour rate,0,4,0%,3.75
logo design courses,0,4,0%,3.75
graphic design charge per hour,0,4,0%,4
typical graphic design rates,0,4,0%,4.25
brand identity design price,0,4,0%,4.5
graphic design rate card,0,4,0%,4.5
graphic design support,0,4,0%,4.5
how much to charge for graphic design,0,4,0%,4.5
branding packet,0,4,0%,4.75
branding price list,0,4,0%,4.75
graphic design for hire,0,4,0%,4.75
affordable logo design services,0,4,0%,5
brand designs,0,4,0%,5
cost of graphic designer per hour,0,4,0%,5
logo designers au,0,4,0%,5
graphic design consultation fee,0,4,0%,5.5
design bee studio,0,4,0%,5.75
full branding package cost,0,4,0%,5.75
branding and graphic design services australia,0,4,0%,6
graphic designer hire per hour,0,4,0%,6
poster design rates,0,4,0%,6
website and branding package,0,4,0%,6
average freelance rate for graphic designer,0,4,0%,6.25
envato terms of usage support/help,0,4,0%,6.25
freelance designer price list,0,4,0%,6.25
graphic design service price list,0,4,0%,6.25
how to price graphic design work,0,4,0%,6.25
logo design in australia,0,4,0%,6.25
infographics design services adelaide,0,4,0%,6.5
logo designers australia,0,4,0%,6.5
3d design graphic,0,4,0%,7
logo design professional,0,4,0%,7
designer costs,0,4,0%,7.25
graphic design commission rates,0,4,0%,7.25
average freelance designer hourly rate,0,4,0%,7.5